"imagefilepath","pred","target","score_0","score_1","score_2","score_3","score_4","score_5","score_6","score_7","score_8","score_9"
"media/images/464896ce7eb3a979a17c.png","7","7","0.00000470242139272159","3.4412675375961044e-8","0.000011461017493274994","0.000050329366786172614","4.021945088084067e-8","0.0000027585858788370388","8.217072355876098e-9","0.9999277591705322","4.0894931885304686e-7","0.0000026194243218924385"
"media/images/0ee598812eda42e90807.png","1","1","0.000014455643395194784","0.9920728802680969","0.000956869509536773","0.0005411143065430224","0.000247150135692209","0.0001436959282727912","0.000009300691999669652","0.005397827364504337","0.00028522161301225424","0.0003315188514534384"
"media/images/443155abd9b8bf114afb.png","0","0","0.9992037415504456","0.0000010636699698807206","0.00017466602730564773","0.000003308382247269037","8.191585152417247e-7","0.0005881913239136338","0.000006549947556777624","0.000017138463590526953","0.0000035553759971662657","0.000001049744014380849"
"media/images/b987f91e6f29d896a38f.png","5","5","0.000030307151973829605","0.00009304854029323906","0.000012625097042473499","0.01643824763596058","0.0000021400417153927265","0.9802808165550232","0.000003302111281300313","0.000027859667170559987","0.003009274834766984","0.00010245173325529322"
"media/images/307db87e7c8e996290b5.png","9","9","0.0000036365329378895694","0.000001169335632766888","2.501050033743013e-8","0.00002257420237583574","0.0003238464705646038","0.000021583391571766697","6.626390103292579e-9","0.005343733821064234","0.0000033396424896636745","0.9942800998687744"
"media/images/346ca590afe6cc27c880.png","0","0","0.9995946288108826","5.265801683584925e-10","1.6513854461663868e-7","5.99945718104955e-11","0.000001933299245138187","3.4013802974186547e-7","0.000402026780648157","2.399257539309474e-7","3.9653383510085405e-7","3.5741129522648407e-7"
"media/images/d9c3c1231879356f3387.png","3","3","0.0000010764219950942788","2.222184605216171e-7","0.0000020776376459252788","0.9997110962867737","3.388085900724036e-8","0.000068384557380341","4.37635456762564e-8","0.000026177418476436287","0.000004600003649102291","0.0001861539058154449"
"media/images/cf4ad2effc9cca93fa6d.png","2","2","9.321309590859528e-8","0.000007467075192835182","0.9999845027923584","0.000005755769052484538","1.2378474911756143e-9","7.850972565393022e-7","1.7552780562368753e-8","3.3055027159889505e-8","0.0000013640415090776514","2.7170246053032088e-9"
"media/images/911a0e0bc1393d60ec1b.png","1","1","0.000011614210052357521","0.9962477087974548","0.0007630810723640025","0.0008831321028992534","0.0001526233390904963","0.0006738740485161543","0.00003264164479332976","0.0004802412586286664","0.0002465877332724631","0.000508480123244226"
"media/images/58eac88cf031dabf9de2.png","5","5","0.0014162469888105989","0.000005284069175104378","0.00000557099610887235","0.004449155647307634","0.000014233067304303404","0.9890455007553101","0.000340501603204757","0.0000018176293679061928","0.004370111506432295","0.0003515556163620204"
"media/images/89550bce12e22b7ce7bd.png","6","6","0.008244715631008148","0.0000020489264898060355","0.00033528931089676917","0.00007771555101498961","0.000004908177288598381","0.00006856214895378798","0.9912386536598206","7.067239380376122e-7","0.000009410468010173645","0.000018057147826766595"
"media/images/3f163e8f80c4169610bd.png","0","0","0.9981757402420044","1.9556006591869846e-8","0.000013844181012245826","9.623379781942276e-8","1.1838144331477451e-7","0.00002734383087954484","0.000049258480430580676","1.2556760964343994e-7","0.0017294890712946653","0.000003959621608373709"
"media/images/120f784b5ecb398ed168.png","7","7","1.5268287745229259e-9","5.058009566738519e-10","8.269496198920478e-9","0.00001143872577813454","8.240399473891102e-9","1.4418357618950495e-9","2.310889535284133e-10","0.9999873638153076","2.2802857380099795e-9","0.0000011420603414080688"
"media/images/275155de18dc8f23525d.png","4","4","0.000008972868272394408","0.00008633877587271854","0.000018789660316542722","0.001078454777598381","0.9413800835609436","0.002570226788520813","0.00013484322698786855","0.00004411280315252952","0.0010227177990600467","0.05365542322397232"
"media/images/ec2886384392fcef2f6f.png","7","7","0.0000015957483583406429","8.96706986441842e-10","0.0000028940637548657833","3.379006159320852e-7","2.706781465633412e-8","3.855190389145946e-9","1.2812485516988659e-9","0.9999948740005493","4.600481773309184e-9","1.9809084506050567e-7"
"media/images/1e73d88ecfa232c6ba22.png","7","7","5.6338045339998644e-8","0.000007571156402264023","0.00010505331738386303","0.00005004455670132302","0.000016307909390889108","0.0000014446098930420703","1.6780435885266343e-7","0.9998003840446472","0.000004646646175388014","0.000014327876669995021"
"media/images/04627aef7ad018ac3267.png","7","7","0.00005365003380575217","0.00000521365200256696","0.000006425500032491982","0.0012821964919567108","0.0006749671301804483","0.00015992109547369182","4.5301854356694093e-7","0.9001304507255554","0.000020776989913429134","0.0976659506559372"
"media/images/cafe966127bc8386706e.png","4","4","7.238150079302841e-10","5.83335602044599e-11","1.1712788516859973e-9","8.08479150293806e-9","0.9999891519546509","6.342187219843254e-8","3.724917618797008e-8","7.269924395814087e-8","0.0000050880780690931715","0.0000055220343710971065"
"media/images/a367b0602a9ea258916b.png","3","3","0.000003224098918508389","0.0000030638698262919206","0.00001454391713195946","0.9997639060020447","1.7078741620935034e-7","0.00009294912160839885","4.143681842094793e-9","0.000001486956762164482","0.00010726830078056082","0.00001338456422672607"
"media/images/448663a8d9eb28331b66.png","4","4","5.325348979567934e-7","0.000001368099333376449","1.0239297409952997e-7","4.713325285621295e-9","0.9996722936630249","0.000001046872284860001","0.00014293800632003695","0.00001688516204012558","0.000020865449187112972","0.00014398491475731134"
"media/images/08020515e0e462c54293.png","6","6","0.0012349558528512716","0.00007077866030158475","0.0019688960164785385","0.000004173602064838633","0.00006314094207482412","0.00006838678382337093","0.9944204688072205","0.0020697955042123795","0.000053896532335784286","0.00004550227095023729"
"media/images/88e3b91c86d25e1c8557.png","9","9","0.000016982809029286727","0.0000047053981688804924","0.000006440724064304959","0.000207538774702698","0.0018808109452947974","0.00009862326987786219","0.000001664868477746495","0.00516040064394474","0.00007371679384959862","0.992548942565918"
"media/images/b3e3cf2774310a943faf.png","8","8","0.00003059339360333979","0.0007482377113774419","0.0001833367714425549","0.0031905951909720898","0.0000160502822836861","0.00008401874219998717","0.0000017382643591190572","7.61902072099474e-7","0.9957188963890076","0.000025847122742561623"
"media/images/ba3d0e206d168c1972d4.png","4","4","0.000046277797082439065","0.00021869591728318483","0.00004207561505609192","0.000009538240192341618","0.5886023044586182","0.0015607969835400581","0.014134828001260757","0.0009440647554583848","0.00035313257831148803","0.3940882384777069"
"media/images/156d4256b7b35794478b.png","5","5","6.97958114415087e-7","2.047466551857724e-8","1.9777438353685284e-7","0.0056003062054514885","4.095327881259436e-7","0.9941721558570862","8.32783598525566e-7","1.0576553677310585e-7","0.0002146975602954626","0.00001058419184118975"
"media/images/0b564e8770512d4cf0e3.png","9","9","0.0000011419402881074348","0.00047040649224072695","0.00021120421297382563","0.00012984566274099052","0.1170266792178154","0.000017803036826080643","0.000023810716811567545","0.0004664601292461157","0.0016118576750159264","0.88004070520401"
"media/images/7a3a4fbf184b7c165345.png","6","6","0.00000408131381846033","1.0967785613047454e-7","0.0000011961280961259035","4.008168730251782e-8","0.00002797951310640201","0.0000073958181019406766","0.9999221563339233","2.9468779416674806e-7","0.0000015333474721046514","0.000035217919503338635"
"media/images/78b74f146e056f9a82a7.png","1","1","3.617366530761501e-7","0.9981862902641296","0.000055169777624541894","0.00016878361930139363","0.00006531883991556242","0.000009000621503219008","0.000017341772036161274","0.00008353984594577923","0.001355792279355228","0.00005837035132572055"
"media/images/afd2b22ded5bff15acdf.png","6","6","0.003577557159587741","0.000020513523850240745","0.0002831939491443336","0.0000027661108106258325","0.00013909859990235418","0.00037285115104168653","0.9952189326286316","0.000005761414740845794","0.0003403106238692999","0.000038921851228224114"
"media/images/8924c234a194d67b4277.png","1","1","0.0000071232407208299264","0.9930019974708557","0.00002780883187369909","0.0014110987540334463","0.0008119085105136037","0.0011430226732045412","0.00006867822230560705","0.0001632642961340025","0.0017488379962742329","0.0016161510720849037"
"media/images/768f17c8d3cb2e6eeb43.png","9","9","0.0000018521279798733303","1.5138822107019223e-7","0.0000011627407729974948","0.00007264065061463043","0.0006903082830831409","0.00017368180851917714","0.000008789254025032278","0.00023955770302563906","0.00018660510249901563","0.9986252784729004"
"media/images/3503b830af6d8b6ab1ff.png","5","5","5.031683940615039e-7","3.727531705521869e-8","6.016247056095381e-9","1.0063410549321361e-8","0.0000030363028145075077","0.9998514652252197","0.00014153339725453407","5.571449435137765e-8","0.000001701831479294924","0.0000016886746152522392"
"media/images/eb1e68fc4d0b03d29ea3.png","4","4","1.7520870088105767e-8","3.006402664595953e-7","3.54465868213083e-7","9.173452752975209e-8","0.9984617233276367","0.000008218828952522017","0.000007767921488266438","6.428061851693201e-7","0.0014267461374402046","0.00009415706881554797"
"media/images/5e77c3daaab93830264d.png","5","5","0.0000016761800907261204","4.359151617450152e-8","2.76616532346452e-7","0.00008572315709898248","3.5391437336329545e-7","0.9975244402885437","0.0000015597023548252764","1.7886212333451112e-7","0.002368286717683077","0.00001754089680616744"
"media/images/4ce17866b7be48355320.png","4","4","0.000001733879230414459","0.0000024504327029717388","0.000007156649189710151","0.000006790179213567171","0.9973777532577515","0.00011814347089966759","0.000009693988431536127","0.000022656413420918398","0.00002189055703638587","0.0024317102506756783"
"media/images/586161572db77ddea837.png","7","7","0.001018707756884396","0.016822069883346558","0.002262455876916647","0.039678625762462616","0.000407684245146811","0.016340453177690506","0.00008283943316200748","0.8827080726623535","0.0003779113758355379","0.04030117765069008"
"media/images/6fd5f2fb8745c92d4e2f.png","1","1","0.000006127486813056748","0.9896225929260254","0.00012105212226742879","0.002600003033876419","0.0005563593585975468","0.0003542093909345567","0.000029654263926204294","0.005821744911372662","0.00043596074101515114","0.0004523208481259644"
"media/images/237815aa70ae62251e27.png","9","9","0.0000034882148156611947","3.9575553500981187e-7","0.000022988915588939562","9.397593316862185e-7","0.02368365228176117","0.0000049425566430727486","0.00035979237873107195","0.0011748012620955706","0.00006847250915598124","0.974680483341217"
"media/images/f827eb8e55a874371e39.png","1","1","0.000028747128453687765","0.9911931157112122","0.0017858796054497361","0.0007815781864337623","0.0003158659383188933","0.00001666856223891955","0.000006870276138215559","0.0032374190632253885","0.0013674406800419092","0.001266441773623228"
"media/images/e4e4307181728458e669.png","3","3","0.0011976632522419095","0.011932364664971828","0.007372295018285513","0.5083585381507874","0.009104060009121895","0.41605690121650696","0.012394880875945091","0.0047578210942447186","0.006816586945205927","0.022008799016475677"
"media/images/d7625e2634f33dd87f26.png","3","3","0.0000045583469727716874","3.152643728299154e-7","0.0014798948541283607","0.9982191920280457","4.863705882485192e-9","0.0002663801715243608","1.2353631451134106e-9","4.815763077203883e-8","0.000028686376026598737","9.482211567046761e-7"
"media/images/c6c7a48e51529b2baf4a.png","3","3","0.0001571348839206621","0.00010993483738275245","0.0002610836527310312","0.9953357577323914","0.00009966501966118813","0.0015026790788397193","0.00003823887527687475","0.00046450382797047496","0.0008950429037213326","0.0011360089993104339"
"media/images/3b24fc570f634af0a600.png","4","4","0.000492281571496278","0.000002307402382939472","0.000006689450401609065","0.000040246977732749656","0.9841688871383667","0.0008572076330892742","0.00020705409406218678","0.008365902118384838","0.00003638824637164362","0.005822991020977497"
"media/images/b4ab54eaf72a93cd2cd3.png","0","0","0.9985852241516113","8.915701243950025e-8","0.00018479939899407327","0.000001251421963388566","2.833884877873061e-7","0.00012964905181434005","0.000008669451744935941","0.0010396850993856788","0.000002618972757773008","0.000047874997108010575"
"media/images/13ed6db3f7e1d521f902.png","7","7","0.00006175706221256405","1.5400428310385905e-7","0.000003235542635593447","0.00017838941130321473","0.0000013460570471579558","0.00011615684343269095","1.7827127862801717e-7","0.9964334964752197","0.000014671373719465919","0.003190675051882863"
"media/images/723ea25a16b30f5e7d20.png","2","2","0.00017269875388592482","0.00002754899651336018","0.9948544502258301","0.004778193775564432","5.704975478693086e-7","0.00003972533158957958","1.606826458555588e-7","0.000006086990197218256","0.00011579969577724114","0.000004872253612120403"
"media/images/91662d4311068ce4324f.png","3","3","0.00019721873104572296","0.00017576127720531076","0.0007826265646144748","0.9908444285392761","6.834800956312392e-7","0.005730562377721071","0.0000035973635021946393","0.0003394271479919553","0.000050938477215822786","0.0018746377900242805"
"media/images/df7c63e055cef64f1192.png","9","9","0.000027324611437506974","4.509957989284885e-7","0.0000019263079593656585","0.000011369050298526417","0.00001082816470443504","0.000021361456674640067","3.3951488376260386e-7","0.0582527294754982","0.000004690851710620336","0.9416690468788147"
"media/images/34c4cbc592356583b172.png","5","5","0.000006135497642389964","0.000004375973730930127","0.00001058580255630659","0.001173796714283526","2.1830386742749397e-7","0.9895989894866943","0.000029283050025696866","8.322841438257456e-8","0.00914106797426939","0.000035400775232119486"
"media/images/5f61b200a3cc8297e9f2.png","3","3","0.0021784966811537743","0.0018362809205427766","0.0009278653305955231","0.6471718549728394","0.07048128545284271","0.13179534673690796","0.13866190612316132","0.003500109538435936","0.0008226108038797975","0.002624248620122671"
"media/images/61e023ccb5147d2e0ab7.png","4","4","2.985060021387653e-8","3.3874361093921834e-8","1.8381793864818974e-8","7.819999723324145e-7","0.9875015020370483","0.000009678617061581463","2.271993793101501e-7","0.000006485701305791736","0.0002237074077129364","0.012257483787834644"
"media/images/2ca3ddf46595f43d40aa.png","7","7","0.000013453282917907927","0.000011361323231540155","0.0004907812690362334","0.026599420234560966","0.000013543173736252356","0.000030553823307855055","4.3366060253902106e-7","0.9674612879753113","0.00003817429387709126","0.005341001786291599"
"media/images/ed237d89fc63e6c315bf.png","8","8","6.108787147240946e-7","4.3952400829994076e-8","0.0000023451971173926722","2.4790884367575927e-7","5.3664066967940016e-8","0.0000015831725477255532","2.47235334427387e-8","3.33024168241991e-8","0.9999926090240479","0.000002453497017995687"
"media/images/05ee94a925aa762f4bf5.png","1","1","9.61938724231004e-8","0.9993119239807129","0.00003731816468643956","0.0002424221602268517","0.000031630734156351537","0.0000019488347788865212","0.00000975402053882135","0.000037637011701008305","0.0002946002350654453","0.00003281524914200418"
"media/images/f0dad59a82fd3ab6bc62.png","3","3","0.00003517701043165289","6.627765287703369e-7","0.00011942762648686767","0.8675165176391602","0.0000036333456137072062","0.1229143738746643","2.866571264803497e-7","0.00004696308315033093","0.006848417222499847","0.0025145679246634245"
"media/images/c0a62a30858022f53632.png","4","4","0.000014481105608865619","1.873518726824841e-7","0.000010977776582876686","8.949538710112392e-7","0.9869678616523743","0.00003376324457349256","0.00003944507989217527","0.0001761044841259718","0.000055119689932325855","0.012701017782092094"
"media/images/9fc19588c63cd154e8ea.png","2","2","9.08569802504644e-7","0.005515691824257374","0.9910338521003723","0.002106783213093877","3.677461890561062e-8","5.098500537314976e-7","0.000014553205801348668","2.430402616937499e-7","0.0013274099910631776","4.846590329066203e-8"
"media/images/3c128712350e225571ae.png","2","2","1.4637620893154235e-7","3.0342233170443933e-9","0.9997687935829163","0.00023038107610773295","5.2707765235693316e-11","6.463655211064179e-8","3.3206441685251775e-7","1.5441959533291083e-7","8.49174597306046e-8","2.6994060320362223e-8"
"media/images/4758dc15901d6703a979.png","4","8","8.21932530925551e-7","0.00006321472756098956","0.0000021641908460878767","0.0003822923172265291","0.8395462036132812","0.0009293234325014055","0.000010476112947799265","0.00006854809180367738","0.1398330181837082","0.019163953140378"
"media/images/c030085b3e7f36c101f6.png","4","4","2.384105712849305e-8","6.564032872802272e-8","6.148076892031895e-8","0.0000017479475218351581","0.9836314916610718","0.0000032279383503919234","2.896585158396192e-7","0.000003842770183837274","0.00003760293111554347","0.016321660950779915"
"media/images/d208fd778e9ed021fa01.png","4","4","0.010803885757923126","0.010465280152857304","0.009396547451615334","0.0027757538482546806","0.8458348512649536","0.0010902705835178494","0.04251733422279358","0.058333780616521835","0.0006224586977623403","0.018159935250878334"
"media/images/b579c988f4b285196d3d.png","0","0","0.9976571798324585","6.403493291173845e-9","0.0012764945859089494","0.0000029670259209524374","1.6686899639850594e-9","0.0010138613870367408","1.634603989941752e-7","8.164216183104145e-7","0.000048403413529740646","2.025765333257823e-9"
"media/images/a115036959abd54d11a8.png","3","3","0.0000853114397614263","0.0002181689051212743","0.0024482705630362034","0.9768476486206055","0.0004492761509027332","0.011466276831924915","0.000010760269105958287","0.0001412879937561229","0.005998852662742138","0.002334235468879342"
"media/images/cc5c94aae432c353435a.png","9","9","0.0007191381300799549","0.0000024928747279773233","0.0005898448289372027","0.0025247640442103148","0.0023128336761146784","0.000024985165509860963","0.000009453789971303195","0.22919680178165436","0.01027893740683794","0.7543407082557678"
"media/images/6e23fe6a04915244d49f.png","9","9","0.00014130203635431826","0.12911328673362732","0.0008233994012698531","0.02197303995490074","0.00030718874768354","0.006792608182877302","0.000019331268049427308","0.33439892530441284","0.06954512745141983","0.43688586354255676"
"media/images/fd7041ab49ced3752509.png","4","4","0.000009383090400660876","3.8256052903307136e-7","0.0005023326957598329","0.000002153605919374968","0.9474905729293823","0.000004550209723674925","0.00021686556283384562","0.0007471141871064901","0.01985551044344902","0.03117111138999462"
"media/images/fbeb97a3a465539b43a6.png","1","1","2.892419388444978e-7","0.9992262125015259","0.000010366370588599239","0.00024020302225835621","0.00015100589371286333","0.00005435734783532098","0.000025158096832456067","0.00012140157195972279","0.0000875934274517931","0.0000833373997011222"
"media/images/c275f67a70e2931dac01.png","3","3","0.00017793566803447902","0.0008299265755340457","0.02776985801756382","0.9631674885749817","0.00001083794813894201","0.00732956500723958","0.0000031357246825791663","0.00006369195762090385","0.00043351275962777436","0.0002139700372936204"
"media/images/9b03e1dc5700a41dbd06.png","3","5","0.00004154841371928342","0.005983858369290829","0.0007894272566772997","0.9670343399047852","0.0000017761444723873865","0.0254815686494112","0.00007809958333382383","0.00013750411744695157","0.0003317648370284587","0.00012015245738439262"
"media/images/09299576bb0b0c93beb0.png","1","1","6.376678811648162e-7","0.9850639700889587","0.00005217116267886013","0.01072439644485712","0.0006483503384515643","0.000007646634912816808","0.000004144486410950776","0.001129465876147151","0.0017839389620348811","0.0005852264584973454"
"media/images/79c28907dd1a0e710871.png","1","1","3.24810031315792e-7","0.9905113577842712","0.000024607430532341823","0.006153671070933342","0.0004939582431688905","0.000052183386287651956","0.000011022055332432501","0.000044741740566678345","0.0005029391613788903","0.002205182798206806"
"media/images/6b631e54859779dbcf4d.png","8","8","0.00032992116757668555","0.0005517189274542034","0.000010826563084265217","0.0000012687415846812655","0.000007721017027506605","0.00012301429524086416","0.00024464965099468827","0.00000552160508959787","0.9975501894950867","0.0011752801947295666"
"media/images/17e7a222eb29117b4712.png","4","4","7.535446155948478e-10","1.746018052362075e-10","4.6505412854003225e-8","7.847601750654576e-7","0.9999927282333374","2.1068291999881694e-8","1.3976639934298873e-7","7.386447009594121e-7","6.800097906989322e-8","0.00000533199909114046"
"media/images/abd7d526a3f4ee54d453.png","0","0","0.9997054934501648","1.5221452542846237e-7","0.000011260454812145326","6.174032023409382e-7","2.3209852884065185e-7","0.00006969636160647497","0.00009647265687817708","0.0000032078708045446547","0.00007609609019709751","0.00003670618389151059"
"media/images/d2831feef942734adb87.png","7","7","4.349869300313003e-7","9.124224220613542e-8","0.000005758435236202786","0.0007900414639152586","4.7738872410718614e-8","6.389693680830533e-7","4.5500021528255274e-9","0.9990842342376709","5.842803147970699e-7","0.00011823765089502558"
"media/images/51ce7343522a47bdf79a.png","5","5","1.9872558709721488e-7","7.853132366619775e-9","9.131260192418722e-9","2.8617561653732082e-8","5.186148177571681e-10","0.9999964237213135","8.153577937264345e-7","4.831405941985167e-9","0.0000025521969746478135","4.194143343738688e-8"
"media/images/c9d4360a7aa31ab6fd13.png","0","0","0.9951474070549011","8.963374398263113e-8","0.00005279157267068513","4.4691194744928e-8","4.963155788573204e-7","0.004086322616785765","0.0004392324772197753","0.0000016207999351536273","0.00027193635469302535","1.0034674602366067e-7"
"media/images/eebe8f338e1cab611ec0.png","1","1","0.0000017525505882076686","0.998548686504364","0.0003222542873118073","0.00039327857666648924","0.00003422450026846491","0.00009714299812912941","0.000010314251994714141","0.00036464130971580744","0.0001878626353573054","0.00003989327160525136"
"media/images/a17ea02c953d8fb987ad.png","2","2","0.00007824379281373695","7.729984652371513e-9","0.9997509121894836","0.0000019613692074926803","3.002720632139244e-7","1.910156122164608e-8","0.0000013018134268349968","0.000167146761668846","3.9755370551119995e-8","4.467694125764865e-8"
"media/images/765b0a73d453875d4c7e.png","5","5","0.00006363333523040637","0.000020612274965969846","0.0000019097840322501725","0.0002889204188250005","2.900945048622816e-7","0.9782776832580566","0.00018456164980307221","0.00000399445434595691","0.019848402589559555","0.0013099310453981161"
"media/images/6217c5ad3c1ab1384405.png","2","2","0.009549741633236408","0.0000017389105551046669","0.990154504776001","0.00007036858733044937","0.000004782887117471546","0.00000814218947198242","0.0000062057579270913266","0.000009724575647851452","0.00019296453683637083","0.0000017512760450699716"
"media/images/4731248af33e60fe7fbe.png","4","4","3.846506668736538e-9","6.640918370770521e-10","4.037333667383791e-7","2.8339627533569e-7","0.9993613362312317","2.901195443882898e-7","4.565274878132186e-7","0.000004213527063257061","0.0000010627243227645522","0.0006320261163637042"
"media/images/b0b4c4f1b5adfc6438c9.png","7","7","4.359457861369265e-8","4.496699013145644e-9","4.54469351041098e-8","0.0000024539547212043544","2.4233868245460144e-9","7.682438507572442e-8","6.913386529916465e-10","0.9999969005584717","5.461418695063003e-8","4.332602543399844e-7"
"media/images/6a4cd907436dc87f603f.png","7","7","0.000002666152795427479","5.048448770139657e-7","2.6460492108526523e-7","0.000005612174845737172","0.0000010800715699588181","0.000012744310879497789","2.3295160644920543e-7","0.9986878037452698","0.0000021472681055456633","0.0012868690537288785"
"media/images/6d87a3ee44d564169b51.png","4","4","0.0036102680023759604","0.000011621174053288996","0.004141001030802727","0.000013515967111743521","0.8986698985099792","0.0026553282514214516","0.000643558450974524","0.08079589158296585","0.002907044254243374","0.006551831029355526"
"media/images/1e61c3b562b05c9f76c0.png","4","4","0.000588191207498312","0.00000952083519223379","0.20094451308250427","0.00016627983131911606","0.7575454115867615","0.0000024142586880770978","0.03876138851046562","0.0017027714056894183","0.0000627256158622913","0.00021672547154594213"
"media/images/d5ccbc412b73ab110240.png","1","1","0.000004696577434515348","0.995943009853363","0.0016375714913010597","0.00011172683298354968","0.000023633483579033054","0.00022121892834547907","0.00006047385249985382","0.00017957945237867534","0.0017749600810930133","0.000043043492041761056"
"media/images/725ac5d39073751934f8.png","8","8","0.00012561104085762054","0.009520811960101128","0.01883363537490368","0.11533129215240479","0.0014476982178166509","0.011839749291539192","0.00010237408423563465","0.2684747576713562","0.5363438129425049","0.03798015043139458"
"media/images/e61a9e2b0e6c6ba19b6d.png","0","0","0.9999969005584717","6.212066416821926e-10","5.804489546790137e-7","4.738936798531768e-9","1.503650759460129e-9","1.0602403222037537e-7","1.66863092232461e-8","0.00000240612371271709","1.9523346495020633e-8","5.258918189809947e-9"
"media/images/e3a80fbb0fa9e0bdca40.png","0","6","0.9608291387557983","0.000002487235860826331","0.00015575907309539616","0.000015016984434623737","0.0000035924292660638457","0.002381670754402876","0.03528713434934616","0.0012777267256751657","0.00003422620284254663","0.000013377224604482763"
"media/images/384be45ba6f21775b97a.png","3","3","0.000002790937287500128","0.000004539549081528094","0.000009962157491827384","0.9973351359367371","9.592561411864153e-8","0.002399816643446684","1.2413194028226826e-8","7.83993868935795e-7","0.0000886576235643588","0.00015816644008737057"
"media/images/995f45e70dc1644f375a.png","1","1","0.0000019586459529818967","0.9961602687835693","0.0008393979514949024","0.000628457113634795","0.0002047343587037176","0.00002397480966465082","0.000007461602308467263","0.0015785598661750555","0.00029873137827962637","0.0002564427559264004"
"media/images/42ea3bd3640af0ea9eaf.png","5","5","0.00041526101995259523","0.000005351629170036176","0.00000166616757724114","0.0003008929779753089","0.0001290324580622837","0.6255606412887573","0.000004727929081127513","0.30008867383003235","0.027828311547636986","0.045665450394153595"
"media/images/c80bfee598cadefd4216.png","8","8","0.0000026961840831063455","0.0000032422999538539443","0.00007126172567950562","0.04508816823363304","2.000950019009906e-7","0.0014196658739820123","6.959663778616232e-8","0.0008266658987849951","0.9465888738632202","0.005999153945595026"
"media/images/b261be0518f831c72556.png","8","8","0.000017739663235261105","0.0000030708079066243954","0.00030844766297377646","0.00005717980457120575","2.2688183776153892e-7","0.00007222230487968773","0.000001148961928265635","9.355265895294451e-9","0.9995397329330444","2.849201052868011e-7"
"media/images/4df7f32af3d5a8a9d55d.png","4","4","2.727172099259434e-10","1.0964920377914966e-12","6.866490931400904e-9","9.137570144979179e-10","0.9999934434890747","2.1993806775810754e-9","8.382775362747452e-9","2.80315983758328e-8","1.6691511461885966e-7","0.000006439651315304218"
"media/images/47f5e75f7c9541929155.png","1","1","0.000054236217692960054","0.9885636568069458","0.0036997459828853607","0.0005152329686097801","0.0003144310030620545","0.0021211588755249977","0.00020546412270050496","0.0031873825937509537","0.0012116720899939537","0.0001271990913664922"
"media/images/62868bd14c12b8614e18.png","0","0","0.9991384744644165","0.0000012679194014708628","0.0002508690522518009","0.000014759430086996872","0.0000019176952719135443","0.00018649919365998358","0.0003214143216609955","0.00006608551484532654","0.000005059695922682295","0.000013633900380227715"
"media/images/d3936ec4f4bd0f92e204.png","0","0","0.9939514398574829","0.000003507096607791027","0.00006787020538467914","2.258984181935375e-7","0.00013342410966288298","0.00006718974327668548","0.005677074659615755","0.00007059618656057864","0.000009047030289366376","0.000019732546206796542"
"media/images/745d4c273586f07bd72c.png","2","8","0.2575521171092987","0.00010994508193107322","0.5202500224113464","0.018179284408688545","0.0009476959239691496","0.0008766651735641062","0.003595931688323617","0.0001108534779632464","0.18172520399093628","0.016652317717671394"
"media/images/e56bd994de726869fa24.png","3","3","3.6936473435389416e-8","0.0000012279026577743934","0.000008038629857765045","0.9999434947967529","4.3987245135213016e-7","9.112118846132944e-7","7.217503039669282e-9","0.000010895252671616618","0.000006340173968055751","0.00002860261156456545"
"media/images/9f9fcb248110e70dfff2.png","3","3","4.243619855515135e-8","4.812888505512092e-7","0.000364318722859025","0.9993797540664673","2.3360518852655332e-8","0.000014025526070327032","9.804456135853457e-10","1.071519495354778e-8","0.00023238445282913744","0.000008926378541218583"
"media/images/e8cc169990d69d1224eb.png","7","7","0.00001374601743009407","3.6329913655208657e-7","0.0003741749096661806","0.0005009454325772822","0.000027569820304051973","6.107351282480522e-7","1.552977124674726e-8","0.9989666938781738","0.000006083863809180912","0.00010975646000588313"
"media/images/d27a302185d5661a69f2.png","3","3","0.0006674776668660343","0.00045373136526905","0.017278233543038368","0.9699206352233887","0.000692515168339014","0.0016057542525231838","0.0000575388221477624","0.0012255467008799314","0.007449309341609478","0.0006493807304650545"
"media/images/ce5df4070f8a00ac1ca5.png","8","8","0.00002050321563729085","0.009048729203641415","0.0013280618004500866","0.0007651649066247046","0.00022758613340556622","0.002721101278439164","0.0004310806398279965","0.00001601319672772661","0.9853546619415283","0.00008700734179001302"
"media/images/ca240cefb584deddb91d.png","0","0","0.9994255304336548","4.0224500708063715e-7","0.00008672904368722811","2.0786283982943132e-7","0.000004423701739142416","0.000054830670705996454","0.00040937087032943964","0.000013213752026786096","0.000004425347469805274","9.174278261525615e-7"
"media/images/ad76bbdee4ed2b6d315a.png","9","9","0.0000017216456171809114","0.00007557818025816232","0.000022177202481543645","0.000221321897697635","0.42240914702415466","0.0000249945205723634","0.000009921900527842809","0.0005756806931458414","0.0008008164586499333","0.5758586525917053"
"media/images/4fad85e5e3903e65a376.png","4","4","0.000045588050852529705","1.2466990995108063e-7","0.00008208565122913569","3.500318612736919e-8","0.9995623230934143","0.000005794814569526352","0.00007628208550158888","0.0000287311922875233","0.00017525155271869153","0.000023830651116441004"
"media/images/79899c8ea4a80e1ea29f.png","5","5","2.186310865681662e-7","3.403717698802211e-7","1.60920450298363e-7","0.000019090961359324865","1.679239503005192e-8","0.9984031319618225","0.000002060162842099089","3.5169347256669425e-7","0.0015730424784123898","0.0000016847384358698037"
"media/images/db40282770f2c6372d14.png","0","0","0.9963536262512207","0.00004082854138687253","0.00023418608179781586","0.00019489468832034618","0.0000754770080675371","0.0007924839155748487","0.00020835317263845354","0.0008495115907862782","0.0000484667434648145","0.0012021728325635195"
"media/images/4f8307b1e65b3d6b71a2.png","7","7","0.000004766312031279085","0.00003885299156536348","0.00015058906865306199","0.003322337754070759","0.0002832299505826086","0.0001011329295579344","8.161075584212085e-7","0.9853032827377319","0.0000031094534733711043","0.010792030021548271"
"media/images/c7f3f2e5a5c3791e626d.png","4","4","0.000771647144574672","0.00009294330811826512","0.00013778691936749965","0.000002157018798243371","0.9872633814811707","0.00022154334874358028","0.0017241921741515398","0.003280255477875471","0.00019440226606093347","0.006311709526926279"
"media/images/2f916dd173cb2525ae9e.png","9","9","3.6947184867131e-7","0.0000024616015252831858","0.0000020774477889062837","0.00000395768802263774","0.0003131353296339512","0.000004063087999384152","9.960235729522537e-7","0.0007792541873641312","0.00000578486651647836","0.9988879561424255"
"media/images/4602be17e6d665d957e7.png","9","4","0.0000015222567526507191","0.000010738197488535661","1.1763239626816357e-7","0.000009877690899884328","0.25113973021507263","0.00008018548396648839","0.00002111116555170156","0.001357311848551035","0.002731071086600423","0.7446483373641968"
"media/images/bf6d405467746cf4643d.png","5","5","5.855643507857167e-7","2.6281554710294586e-9","1.0135114081322172e-8","0.000038592061173403636","4.596258269817799e-12","0.9996845722198486","1.240195945939604e-9","0.000018931919839815237","0.0002567606570664793","4.374583681965305e-7"
"media/images/e7f03f46487465989a59.png","9","9","7.54546505277176e-8","2.9606417228933424e-7","4.736965486529243e-9","0.000011335362614772748","0.012585753574967384","0.0000549544274690561","4.654463836573086e-8","0.00006373038195306435","0.0008697525481693447","0.9864140152931213"
"media/images/812d0737c4192c16a5d4.png","8","8","0.0000064383507378806826","0.000014422273125092033","0.0000596182253502775","0.00026748990057967603","0.0000015712058711869759","0.00015332773909904063","6.216095016498002e-8","0.000009128027159022167","0.9993796348571777","0.0001082707749446854"
"media/images/11304c4148ae3ef2b2fe.png","7","7","7.852783596717927e-7","3.926277525323485e-9","0.000007706345058977604","0.00018854600784834474","9.198923400788317e-9","1.0221649660024923e-7","9.585378046850224e-10","0.9997993111610413","1.37309058345636e-7","0.000003426335979384021"
"media/images/73dd73761f6ac6096651.png","3","3","3.7833689248145674e-7","0.000006215236680873204","0.00007255141099449247","0.9998373985290527","4.052784845498536e-7","0.00007281647413037717","3.3444502722801417e-10","7.851331140784623e-9","0.000009831049283093307","3.478037911008869e-7"
"media/images/5a559cbb02907440d81c.png","3","3","0.00002787052289932035","0.000018385380826657638","0.0000823593873064965","0.9902770519256592","0.0011822390370070934","0.006994191557168961","0.000009064885489351582","0.000003341553565405775","0.001092858612537384","0.00031266853329725564"
"media/images/5dd5b4564825caac410e.png","6","6","0.000008377890480915084","0.000005446047453006031","0.0005171993980184197","1.496286188285012e-7","0.0017918127123266459","0.00001157635051640682","0.9976418018341064","0.000005335365585779073","0.000012429657544998918","0.000005888878604309866"
"media/images/d3640a69a189fac64ef6.png","7","7","0.00040773910586722195","0.003703697817400098","0.009470183402299881","0.04636611416935921","0.0005013439804315567","0.00028126416145823896","8.646966875858197e-7","0.8803642392158508","0.0005119507550261915","0.058392565697431564"
"media/images/a6b65304008e8f63d370.png","6","4","0.004354119300842285","0.0000039619189919903874","0.12738461792469025","0.0006295032217167318","0.3421625792980194","0.000009081134521693457","0.36347171664237976","0.0000825908500701189","0.010341012850403786","0.15156079828739166"
"media/images/e124592bfb12492733dd.png","1","1","0.00018668755365069956","0.9734802842140198","0.025166237726807594","0.000016309029888361692","0.0000037467616493813694","0.000022110902136773802","0.0003695285995490849","0.00001594953573658131","0.0007386396755464375","4.068015471148101e-7"
"media/images/e215ea0016d765a2dddb.png","0","0","0.9993245601654053","0.0000015439463822986","0.000027756272174883634","0.0000033121004889835604","0.000027622705601970665","0.0004220562695991248","0.00005316475289873779","0.00013183749979361892","0.0000029713382900808938","0.000005156195584277157"
"media/images/81da60e9f7c155946432.png","6","6","0.00003383707735338248","7.453291317460753e-10","0.000006871528967167251","3.8240544064649384e-9","0.0003141413617413491","2.4371977769277464e-9","0.9996448755264282","5.149905035750635e-8","5.047655626810865e-9","1.933659206088123e-7"
"media/images/8785a004ba170c9af059.png","9","9","0.00004275402898201719","0.0000034515312563598854","0.000015153868844208773","0.00027244610828347504","0.0029494359623640776","0.006829081103205681","0.000014659658518212382","0.0018761472310870886","0.00009587134991306812","0.9879010915756226"
"media/images/8d3810ed459fd3c1cb1c.png","2","2","0.000037332960346248","0.011950044892728329","0.9863024353981018","0.000635927717667073","0.0000023934835553518496","0.00000957413521973649","0.0010390704264864326","8.028382580960169e-7","0.00002227924414910376","1.7224850523689383e-7"
"media/images/0305c92b0a5ebe748ae5.png","1","1","1.62121196467524e-7","0.994748055934906","0.000022516524040838704","0.004201344680041075","0.00024288597342092544","0.00002444373967591673","0.000024654682420077734","0.000017800795831135474","0.00041182091808877885","0.0003062864998355508"
"media/images/d573fbc8de560595b4ee.png","5","5","0.00003221576480427757","0.00008706357039045542","0.000059248774050502107","0.015586648136377335","0.000003952211045543663","0.9784191846847534","0.0012082572793588042","0.000010476757779542822","0.003468947485089302","0.0011239362647756934"
"media/images/cae88ec232cc8fe48049.png","6","6","0.005593388341367245","5.653263315252843e-7","0.000031085492082638666","0.000002338705144211417","0.0000032696323160053","0.0027485727332532406","0.9915913343429565","0.0000023069724193192087","0.0000022129556782601867","0.00002488972677383572"
"media/images/da1347fc15b540f92540.png","8","8","0.00002210246748290956","0.00008789403364062309","0.01038066390901804","0.009301831014454365","4.914672331324255e-7","0.000004990374691260513","7.293594990187557e-7","0.00006897098501212895","0.9801278114318848","0.000004569897100736853"
"media/images/b0f781c5f455741acef3.png","4","4","0.000042236697481712326","0.0000012090755490135052","0.00016135259647853673","1.8720180605669157e-7","0.999293327331543","0.000006612163360841805","0.00046527880476787686","0.000015964282283675857","0.0000028926788218086585","0.000010884025869017933"
"media/images/90cf20d9e99d1f60af18.png","6","6","0.0000154119170474587","1.7635821691897036e-9","0.00014141818974167109","3.608111809327852e-9","0.0000014562673413820448","5.574761274829143e-8","0.9998410940170288","5.251334300737653e-7","2.3569258544853255e-8","4.9048471950641215e-9"
"media/images/06e0734861a07b69985a.png","4","4","9.370202178615727e-7","0.000020511981347226538","4.028932494293258e-7","5.744605147128823e-8","0.9974863529205322","0.000002288958967255894","0.00000614655027675326","0.0002249169338028878","0.00008220496965805069","0.002176224486902356"
"media/images/3f3937f1df65a2d31c1a.png","1","1","0.000001253134314538329","0.9987039566040039","0.00005183094981475733","0.0003538602904882282","0.00018316146451979876","0.00009719805530039594","0.000050789883971447125","0.00025051445118151605","0.00022937452013138682","0.00007812027615727857"
"media/images/7804499567469af732f9.png","6","6","0.0000013973268551126239","2.357528172680645e-9","0.00004411206828081049","1.3487936323386407e-9","0.0000884679175214842","0.0000011102978305643774","0.9998644590377808","3.104263441855437e-7","6.1502407611158105e-9","1.1249525044831898e-7"
"media/images/e5febe35a3de1c3cdc86.png","8","8","0.0000793731669546105","0.0016441099578514695","0.000977759133093059","0.00012918403081130236","0.0008294357685372233","0.00037882779724895954","0.00030137188150547445","0.0010764499893411994","0.9892688393592834","0.005314666777849197"
"media/images/f6d71bffdf8543271059.png","2","2","4.4867994120068033e-7","0.000016673526261001825","0.9992160797119141","0.00046520712203346193","9.009416146454896e-8","1.0683856288551397e-7","8.821363195465892e-9","1.6224915100337967e-7","0.00030117190908640623","3.148002392094895e-8"
"media/images/dde275548c4cefe6318d.png","1","1","0.000016708867406123318","0.9866628050804138","0.0007995897904038429","0.000979517586529255","0.0005265331128612161","0.0008226098725572228","0.00002279842556163203","0.009140471927821636","0.0005231610266491771","0.0005057830130681396"
"media/images/bd1620310737e21e6a27.png","1","1","0.000003423540647418122","0.9812249541282654","0.00004810375685337931","0.0038184074219316244","0.0035874107852578163","0.0005990376230329275","0.000053244377340888605","0.0001417797466274351","0.006294856313616037","0.004228882025927305"
"media/images/7bbef1aa1429472fc908.png","7","7","0.000001028452629725507","2.0192554472941993e-7","0.000004510030976234702","0.000186048899195157","1.1330833160627662e-7","8.853716053636163e-7","3.3778725594402204e-8","0.9994502663612366","0.000005834315743413754","0.0003509869275148958"
"media/images/19a1d942e6241b23102b.png","5","5","0.00007974071922944859","2.0920946752767122e-8","0.0000014519667956847115","0.003835489507764578","2.5255283730984956e-7","0.9959961175918579","1.727819443075873e-9","0.00003110671605099924","0.00004928864291287027","0.0000065558751884964295"
"media/images/72957b2095d4beaa6a31.png","2","2","0.0000026090101528097875","0.000015415966117870994","0.9956217408180237","0.0006376816891133785","9.928173483331193e-8","4.291077715379288e-8","1.778442850763895e-7","0.002762415912002325","0.0009597591124475002","1.0943489314740873e-7"
"media/images/21e3076ca4d1a43e2d09.png","8","5","0.0000019489950773277087","1.051423481612801e-7","0.00020787448738701642","0.00036320360959507525","0.000010553747415542603","0.01688564196228981","0.000004949896265316056","1.0774207304109495e-8","0.982366144657135","0.0001596561196492985"
"media/images/92326e96e15294af8d2f.png","1","1","0.000005595164566329913","0.998004138469696","0.00044618587708100677","0.00024715845938771963","0.000029578666726592928","0.00027322981623001397","0.00001852324203355238","0.0006750067695975304","0.00019626852008514106","0.00010433677380206063"
"media/images/3d2651e329e96f20249f.png","7","7","0.0012488063657656312","0.0000028444119379855692","5.867609615961555e-7","0.0000144116374940495","0.00001124219943449134","0.000043027994252042845","0.0000011075691190853831","0.9983017444610596","8.810912959233974e-7","0.00037530792178586125"
"media/images/a9498e9392e2f8047043.png","1","1","5.818048407491005e-7","0.9989356398582458","0.000037995418097125366","0.0004644186410587281","0.00009093243716051802","0.00003707432551891543","0.00004764238838106394","0.000043863281462108716","0.000250345648964867","0.00009157651948044077"
"media/images/660da034031fa6f53cb3.png","9","4","3.7390088891697815e-7","0.0000022884948975843145","4.3946178607257025e-7","0.000018089738659909926","0.032121144235134125","0.00000416399734604056","6.663831868536363e-7","0.0006439673597924411","0.00009992793638957664","0.9671089053153992"
"media/images/4dad180d86c22746983d.png","1","1","0.00001667358992563095","0.9953783750534058","0.0008050828473642468","0.00039298017509281635","0.00023196666734293103","0.00004054452074342407","0.000005584101472777547","0.0026290081441402435","0.00033492580405436456","0.0001648750330787152"
"media/images/ad6868a36952bffbc720.png","0","0","0.9987529516220093","0.0000023372936084342655","0.00008881168469088152","1.9302468956539087e-7","0.000013009351278014947","0.0006688684225082397","0.0003331116458866745","0.00007395914872176945","0.00006511242099804804","0.0000016509420674992725"
"media/images/224fdd41df8f24447e5c.png","1","1","0.00000309262259179377","0.9960442781448364","0.000028037595257046632","0.0009214442106895149","0.00035834379377774894","0.0004189740866422653","0.00004721317964140326","0.00024883358855731785","0.001460199011489749","0.0004695772076956928"
"media/images/32b1ede8fe5fa1397be0.png","4","4","0.00009297276847064495","0.00010999089136021212","0.0003909453807864338","0.001736919512040913","0.5439603328704834","0.0002276468148920685","0.0004066003020852804","0.0039839609526097775","0.000180313058081083","0.4489103853702545"
"media/images/3287a3cd415b5bf746f3.png","4","4","6.324643209154601e-7","3.7111723827365495e-7","7.405845963148749e-7","3.606974132708274e-7","0.9993836879730225","0.000019703555153682828","0.00000649900539428927","0.00005327062899596058","0.00003331051630084403","0.0005013868794776499"
"media/images/19b485cb9b30a1157113.png","4","4","0.0000012233558663865551","6.149985409820147e-8","0.000008639674888399895","5.6374296342198704e-9","0.9998643398284912","0.00000134484980662819","0.00010363701585447416","0.0000014089014257478993","0.00000986650866252603","0.000009413062798557803"
"media/images/a7972bb48dc54177e1e6.png","2","2","8.840409009280847e-7","0.000006164291789900744","0.9992004036903381","0.0007844454958103597","1.3910083085377778e-9","3.466296760734622e-8","3.145823654904234e-7","0.0000060753773141186684","0.0000016015915207390208","4.9538325441744746e-8"
"media/images/cf0e1b6581dd7568130c.png","3","3","0.000026075269488501363","0.000023497155780205503","0.0000026205959784419974","0.9986621141433716","0.000004741115844808519","0.0012015403481200337","5.035660066710079e-8","0.00003031888627447188","7.140212119338685e-7","0.00004834089122596197"
"media/images/4183ccd407c00b07d85d.png","5","5","0.00010181446850765496","1.001069094286322e-8","0.000005056128884461941","0.0003931370156351477","0.000005319242973200744","0.9991942048072815","3.1604844252797193e-7","0.000009345164471596945","0.00026187163894064724","0.000028945178200956434"
"media/images/365a391d0a3fe88cc6c2.png","1","1","0.00006306888826657087","0.980010986328125","0.00153063063044101","0.0060651712119579315","0.00016274716472253203","0.001716513535939157","0.00017628089699428529","0.001176566700451076","0.008455492556095123","0.0006425603642128408"
"media/images/add6b2e04678472f240e.png","3","3","0.008622600696980953","0.038792479783296585","0.015219911932945251","0.7870268225669861","0.00007952816667966545","0.12357790023088455","0.0036979836877435446","0.01313907839357853","0.001369869220070541","0.008473822847008705"
"media/images/0fcc343598bb9e2d114b.png","8","8","0.0008350381394848228","0.0008901922847144306","0.000149787068949081","0.0007410455727949739","0.010537591762840748","0.006769062019884586","0.00010964311513816938","0.0001104756593122147","0.7016316652297974","0.2782254219055176"
"media/images/47ef0174cbcb05294627.png","8","8","0.00002737834438448772","6.173294764266757e-7","0.0000029044108487141784","0.0000019048318335990189","2.6810042186298233e-8","0.000004300890395825263","2.3849975150369573e-7","6.180782179399102e-7","0.9999475479125977","0.000014493082744593266"
"media/images/431badc79fdd20455c92.png","7","7","0.000010770321750896983","7.902616516730632e-7","0.009508846327662468","0.0001610331382835284","1.2287382844533568e-7","0.000008743601028982084","0.0000013863718777429312","0.990268349647522","0.000038828307879157364","0.0000010935272030110355"
"media/images/deb219b89072dfedc901.png","3","3","0.00004240864291205071","0.00009094010601984337","0.00021163291239645332","0.9992666840553284","1.3674755905412894e-7","0.00008144079038174823","6.074296265978774e-8","0.00004586149952956475","0.00009456896805204451","0.0001663365837885067"
"media/images/7e5949d621c47e756fe2.png","6","6","0.00015802345296833664","2.6541185249584487e-8","0.000012175772098999005","1.7890696923927862e-8","0.0000030611918191425502","0.000008457107469439507","0.999817430973053","1.3734028136980214e-8","7.833052109162963e-7","3.730548314706539e-8"
"media/images/fddd0173f56aecbb3f43.png","7","7","3.2705696639823145e-7","1.7364904181249585e-8","0.0000015464373745999183","0.00005774113378720358","3.875103402606328e-7","1.9450776989060614e-8","1.1252200948774771e-8","0.9996622800827026","0.0000014599489759348216","0.000276195933111012"
"media/images/bde3203c2c6ef28d35c3.png","2","2","0.0016527260886505246","0.0002697351446840912","0.9883082509040833","0.004269990138709545","0.0038274992257356644","0.0004288284108042717","0.0006384390289895236","0.0005160995060577989","0.00007514616299886256","0.000013338304597709794"
"media/images/7223a6c6033b52b03523.png","1","1","0.00003661223308881745","0.9864454865455627","0.0021734421607106924","0.0005899326642975211","0.0003339769900776446","0.0014922391856089234","0.00007718428241787478","0.006797796580940485","0.0010687975445762277","0.00098457932472229"
"media/images/47f213b22225f832c30b.png","1","1","0.00008569991041440517","0.9873901605606079","0.0023028880823403597","0.0011176324915140867","0.00024301992380060256","0.000017718821254675277","0.000030752591555938125","0.004926793742924929","0.0012724666157737374","0.002612783806398511"
"media/images/468b076b0d920208f222.png","0","0","0.9967889785766602","0.0000014639290384366177","9.010880148707656e-7","0.00020386996038723737","1.2980424912711896e-7","0.0021692956797778606","0.0000017489566062067752","0.0002870944736059755","0.0003373368235770613","0.00020923331612721086"
"media/images/8adc528886461c505c7a.png","1","1","0.0000041341154428664595","0.9967315196990967","0.0013351204106584191","0.0001526156411273405","0.000029067516152281314","0.000010927442417596467","0.00001000041447696276","0.0009910562075674534","0.0004604312125593424","0.00027513367240317166"
"media/images/877dd39d15f501244608.png","3","3","4.2600757410582446e-7","6.643907113357272e-7","0.000004714608621725347","0.9975618124008179","0.00009816314559429884","0.00009090684761758894","1.788359682564078e-8","0.000007424707291647792","0.0018759877420961857","0.00035994648351334035"
"media/images/33b47b616c3ef17208de.png","6","6","0.000002044938810286112","5.38883341505425e-7","0.0000034959448385052383","4.426699007353818e-8","0.0000015311707102227956","4.210353949929413e-7","0.9999911785125732","4.205626566999854e-7","3.1723854476695124e-7","2.2352354633881077e-8"
"media/images/6246021df01a0d651a29.png","3","3","0.00047573703341186047","0.000037657464417861775","0.00025290672783739865","0.9926059246063232","0.000001183864242193522","0.003227698616683483","0.00002580492218839936","0.00000906399691302795","0.0026520835235714912","0.0007118641515262425"
"media/images/5df5a50814e53c670878.png","6","6","0.02044963464140892","0.000010482920515642036","0.0002924890723079443","0.000004267358690412948","0.000007643547178304289","0.018138213083148003","0.9496419429779053","1.1941207844756718e-7","0.011438028886914253","0.000017226822819793597"
"media/images/12f92cb0c9c43196eb02.png","2","2","0.00030485811294056475","4.0840748738446564e-7","0.9993231296539307","0.0002619393926579505","0.000007896799615991767","0.0000029760926736344118","0.000035411696444498375","0.000006822291197750019","0.000048254656576318666","0.000008394523320021108"
"media/images/700f96186b47bbd43e70.png","7","7","0.0001394592982251197","0.000007675062988710124","0.002673826878890395","0.00046323775313794613","0.000005972147391730687","7.414521405735286e-7","5.475622444350847e-8","0.9964380264282227","0.0000017359367348035448","0.00026932009495794773"
"media/images/09aaa6554ae3e4a6e5fe.png","6","6","0.000009992952982429415","0.0000019449896626611007","0.0048140413127839565","0.0000034670747481868602","0.011551727540791035","0.00038881649379618466","0.983212411403656","0.000008985449312604032","0.000006765202215319732","0.000001829021471166925"
"media/images/3413d5f324ba1d6507df.png","3","3","0.0007802488980814815","0.0004060575447510928","0.000500802940223366","0.8221732974052429","0.000005207694812270347","0.17437100410461426","0.000024342780307051726","0.000027599615350482054","0.0008383432286791503","0.0008729636901989579"
"media/images/0d6c7be55082e4c428fa.png","0","0","0.9839804172515869","0.0000016075716757768532","0.0157551821321249","0.0000014522037190545234","2.679651345260936e-7","0.000013435589607979637","0.000014831814041826874","1.4935375247659977e-7","0.00016139975923579186","0.00007133570761652663"
"media/images/2bd78185f694e98ff875.png","1","1","0.00010251441563013941","0.8169538378715515","0.00016247622261289507","0.15078379213809967","0.0017298103775829077","0.014595228247344494","0.002795287873595953","0.0002719055628404021","0.008251704275608063","0.004353472962975502"
"media/images/df9a2e234b76dae91674.png","2","2","0.000002251536216135719","1.4574578210968525e-9","0.99998939037323","0.000006996116098889615","8.5777607239379e-11","1.9289712938075354e-8","1.9433950004810185e-9","0.0000012137118119426304","1.6953478620962414e-8","1.3358949502162432e-7"
"media/images/3d589f0a58ea67292ec7.png","4","4","5.26649500898202e-7","1.851920750084446e-8","3.987948460348889e-8","3.6988875962151724e-8","0.9994539618492126","0.000022707432435709052","0.000004917035766993649","0.00000878268383530667","0.0000022706465188093716","0.0005066980957053602"
"media/images/c9b488fb26058b52fe7d.png","8","8","0.00008532232459401712","0.0006047365604899824","0.00008868632721714675","0.0008980463608168066","0.00000967652795225149","0.0014474643394351006","0.00011899931996595114","0.000002452028638799675","0.9965492486953735","0.00019544579845387489"
"media/images/2d8b2d5a181bcb1d4ca6.png","1","1","0.00003196715988451615","0.9642703533172607","0.0005712229176424444","0.003979739733040333","0.0012201102217659354","0.0016280863201245666","0.00004699679629993625","0.02520005963742733","0.0005721031338907778","0.0024793632328510284"
"media/images/5f6474afd1cb2ba43831.png","3","3","0.000010132500392501242","0.000010808211300172843","0.000013478811524691992","0.9985277652740479","0.00014393245510291308","0.0006688730209134519","5.643144618261431e-7","0.00028180633671581745","0.00003456141348578967","0.0003080640162806958"
"media/images/f5fcb2a509f1d8a7f0b5.png","7","7","0.00014738374738954008","0.0040725721046328545","0.11426346004009247","0.0023919472005218267","0.002240091795101762","0.000004344239641795866","0.0003512480470817536","0.8702403903007507","0.001270171720534563","0.0050184717401862144"
"media/images/bb6925871573b4870664.png","5","5","0.000004441771579877241","1.3437301049634698e-7","9.91102577785341e-9","8.704079164090217e-7","0.000006036742888682056","0.9998348951339722","3.9555391850853994e-8","0.000017654783732723445","0.0001354940322926268","4.3111046466037806e-7"
"media/images/86e8f0a63f9f5c189a79.png","6","6","0.000265769223915413","1.5264804176240432e-7","0.00016887956007849425","1.0440263764621704e-7","0.00004861306297243573","0.0008148596971295774","0.9973726272583008","2.5560236593946684e-8","0.0013258677208796144","0.0000030476317078864668"
"media/images/9d50033f5110abbf893b.png","2","2","2.836407304585009e-7","0.000002109076376655139","0.9999182224273682","0.00007438148168148473","1.3247449144604406e-11","8.374410498390716e-9","1.6384348322517894e-9","6.452465645123695e-11","0.0000049568761824048124","2.2529189624975743e-9"
"media/images/c8a326500bc7fd366670.png","7","7","0.0001897937327157706","0.000034631084417924285","0.07393521070480347","0.02405218780040741","0.003061853814870119","0.0000021893990833632415","0.000005630587565974565","0.7373774647712708","0.005757018458098173","0.15558408200740814"
"media/images/77495b0dc5420c6d85b7.png","5","5","0.000008722706297703553","0.0000029235691272333497","0.000006883909009047784","0.0014087151503190398","0.000008585868272348307","0.9980592131614685","0.00035880651557818055","9.936793077258699e-8","0.00011140706919832155","0.000034695720387389883"
"media/images/b303def4c2145ebc9e39.png","7","7","0.00006402649160008878","0.028508847579360008","0.0021905831526964903","0.008615891449153423","0.0030174842104315758","0.019582392647862434","0.000009911393135553226","0.8899640440940857","0.00048065822920762","0.047566089779138565"
"media/images/6763085187609ce696ea.png","0","6","0.9845340251922607","0.00001827917731134221","0.00036207010271027684","0.0009834796655923128","0.00014972372446209192","0.0037126613315194845","0.00913248397409916","0.0005973089137114584","0.00034959992626681924","0.00016034115105867386"
"media/images/2aefd82e9a7daa49aaa6.png","5","5","0.00019004179921466857","0.000009320223398390226","0.000020165423848084174","0.00018914698739536107","0.000007351881777140079","0.9966339468955994","0.0012934685219079256","0.0000030797359613643494","0.0015257501509040594","0.00012777252413798124"
"media/images/eab02e1e72b0cfd2e7c8.png","2","2","0.004682951606810093","9.280306585424114e-7","0.915608286857605","0.07454097270965576","5.633344812849828e-7","4.799348971573636e-7","0.00007630650361534208","0.004892841912806034","0.000013239523468655534","0.00018345488933846354"
"media/images/82d470d985ca3d0fb928.png","2","2","0.0000011365202681190567","1.5451037427283154e-7","0.9999330043792725","0.00005490939656738192","1.326121434885863e-8","1.9797100847540605e-8","0.000010425692380522378","1.4082047528063413e-7","1.88495590691673e-7","9.211464657710167e-8"
"media/images/5a9a9441b0c397fe5a44.png","2","2","1.0044654885632553e-8","0.000002971187541334075","0.9998323917388916","0.00006417083204723895","2.2001457600229202e-10","1.758617713676358e-7","2.2667592247671564e-9","1.7933672324943473e-8","0.00010017908061854541","2.0627498320546778e-10"
"media/images/1d370dc8396861c5238a.png","2","2","0.00001310631341766566","0.0001307032216573134","0.9847235679626465","0.011762955226004124","0.00268273102119565","0.000027897038307855837","0.00005613000757875852","0.0004838148888666183","0.000010565593584033195","0.00010859347094083205"
"media/images/f00db7ac823079cdf06c.png","2","2","0.005684425123035908","8.994535782846924e-9","0.9942895174026489","0.00002564763417467475","4.79727768620819e-9","8.525754324750778e-9","2.3155925532591937e-7","1.5357036886598507e-7","6.145838060689357e-9","2.064772530729897e-8"
"media/images/a783376368213f6b536b.png","9","9","3.648432880254404e-7","0.000004538299435807858","0.0000010180112894886406","0.005562432575970888","0.00003489393202471547","0.000008739045370020904","7.352566910867608e-8","0.0008663037442602217","0.000009097175279748626","0.9935125708580017"
"media/images/3c78369fa8975e7b77bc.png","9","9","2.1522450310840213e-7","0.000004544890998658957","5.188144882595225e-7","0.00011843626998597756","0.0006456476985476911","0.000003427364163144375","3.2171402608582866e-7","0.0003516447322908789","0.00016267277533188462","0.9987126588821411"
"media/images/7191008d9e88b2c29142.png","4","4","0.0000011532796406754642","9.815327217665981e-8","0.0000010493722584214993","0.00009987801604438573","0.9717288017272949","0.0002530477358959615","0.00010560032387729734","0.022999605163931847","0.0014246265636757016","0.0033861720003187656"
"media/images/525602d4cb13352caf1c.png","4","4","0.000007217511210910743","0.0001595113571966067","0.0000020414033770066453","0.0000490724814881105","0.9644076824188232","0.0013007322559133172","0.00014028834993951023","0.0007997812936082482","0.002796241780743003","0.030337397009134293"
"media/images/d775f71281b2cdf579eb.png","3","3","0.00000388640819437569","0.00001630634142202325","0.0006140732439234853","0.9956454038619995","0.00018383200222160667","0.00026048728614114225","7.206650707303197e-7","0.002622727071866393","0.00040841466397978365","0.0002442849799990654"
"media/images/f1b3fa73cd830028597a.png","1","1","0.000015771813195897266","0.9956314563751221","0.0015442855656147003","0.0008433691691607237","0.00003530127287376672","0.0005656564608216286","0.000026926420105155557","0.0005755727761425078","0.0006484151817858219","0.00011328091932227835"
"media/images/a4fb1e345590d10b1eb1.png","1","1","0.00002276204941153992","0.9891477823257446","0.0016420598840340972","0.0003635775065049529","0.00023894553305581212","0.00037474738201126456","0.00007577348878839985","0.0052675711922347546","0.0011941768461838365","0.0016726559260860085"
"media/images/5b3a816c7f7f6ec9c13e.png","6","6","0.0007425741059705615","6.610572977905349e-9","0.000012467802662285976","7.599759044296661e-9","0.000017702010154607706","5.000150054002006e-7","0.9991145730018616","0.00009933598630595952","2.1567350572126998e-8","0.000012796789633284789"
"media/images/c3debd9e189a2d756928.png","1","1","0.0000011274032658548094","0.9986955523490906","0.000265703332843259","0.00009945371130015701","0.00006766797014279291","0.00014737143646925688","0.0000921535975066945","0.000040519262256566435","0.0005281869671307504","0.00006227959966054186"
"media/images/11a301ebcb2635b8713f.png","9","9","6.774790790586849e-7","0.00750450836494565","0.000005076336492493283","0.007217421196401119","0.007828988134860992","0.00008840932423481718","0.0000012605033816726063","0.0004217467503622174","0.024290667846798897","0.9526411294937134"
"media/images/c24365d74f237b1a0962.png","2","2","0.06731127947568893","0.008973268792033195","0.816459596157074","0.08625281602144241","0.0017284274799749255","0.0051038265228271484","0.011198218911886215","0.002914919750764966","0.000003227118440918275","0.000054357540648197755"
"media/images/9577147c3eef4ad25ac8.png","7","7","0.0004153828776907176","0.000005567088919633534","0.000013008802852709778","0.0004527479759417474","0.00039971558726392686","0.0001667505712248385","0.0000025193162400682922","0.9618945121765137","0.000030999868613434955","0.036618828773498535"
"media/images/95c813d14afba85a4322.png","4","4","4.606598480449975e-8","9.059011318868215e-10","0.000005096389941172674","1.975887897742723e-8","0.9999840259552002","2.9445866189803382e-8","1.1239588104672293e-7","0.000004271688794688089","6.518037025671219e-7","0.000005638688435283257"
"media/images/50a03e0e828e7db3db67.png","2","2","4.54312365505416e-9","0.0000045088249862601515","0.9999589920043945","0.000027066886104876176","5.821798598759642e-11","9.665123146263e-10","6.912171529593891e-11","2.554042755065211e-9","0.000009427025361219421","4.881977933024473e-9"
"media/images/14debbbbdec1a6ebf6c3.png","5","5","0.0000013344999842956895","1.247603176324219e-8","7.009391111978402e-8","0.00002218582267232705","4.559735922171626e-10","0.9998958110809326","8.50785056627501e-7","6.460827961518589e-8","0.00007951111911097541","9.672710632457893e-8"
"media/images/69c1a3f346610f9f1f3d.png","1","1","0.00000819525848783087","0.997001588344574","0.00015965088095981628","0.0007750440272502601","0.00011115908273495734","0.00047784880734980106","0.000052861600124742836","0.0007725371979176998","0.0003596436872612685","0.00028144108364358544"
"media/images/f88bc9c1f845ac3ab7f4.png","4","4","0.000014726513654750306","0.000008708196219231468","0.000013353374924918171","0.00005583691017818637","0.9873982667922974","0.00012878687994088978","0.00004232853461871855","0.00048794710892252624","0.000011209956937818788","0.011838811449706554"
"media/images/db000fdb62a9466f3488.png","6","6","0.00014311878476291895","0.000033247073588427156","0.0003664197283796966","0.00003280506280134432","0.03151591122150421","0.00032026576809585094","0.9672679305076599","0.00007066889520501718","0.00001430982410965953","0.00023528617748524994"
"media/images/167592b6e297ab86cf88.png","9","9","0.000010274578016833402","0.0000015660548342566472","0.000041397859604330733","0.00000210602706829377","0.0006374035147018731","0.000006676683824480278","0.000005753114692197414","0.00045771809527650476","0.00003419183849473484","0.998802900314331"
"media/images/a18d608bcc50d17e5021.png","3","3","0.000017469128579250537","0.000010085203030030243","0.000023066311769071035","0.9997367262840271","1.9262019179677736e-7","0.00014571753854397684","2.170972663861903e-7","0.000009480289918428753","0.00000817270756670041","0.000048864221753319725"
"media/images/686676e8a3360b384ac1.png","7","7","1.7534379281869406e-8","3.89631296116022e-8","1.2190369602649298e-7","0.0000029154305138945347","6.043341382877543e-9","1.504604938418197e-7","1.6410613978834476e-9","0.9999922513961792","4.257377383964922e-7","0.000004149562300881371"
"media/images/be7f84303cce35fb487f.png","9","9","0.000009624641279515345","3.980778160439513e-7","0.00000505735943079344","0.000007815410754119512","0.006719660013914108","0.00001678661647019908","0.0000025686240405775607","0.012046411633491516","0.00015386875020340085","0.9810377955436707"
"media/images/c18a341e0a50f274138f.png","7","7","0.000003357686637173174","4.6797836716905294e-8","0.000014397178347280715","0.00032727382495068014","6.666386109799305e-9","3.502374852359935e-7","8.973239040699355e-9","0.9996540546417236","4.547123921838647e-8","4.094425491985021e-7"
"media/images/491d7f7685962169907c.png","5","5","0.0004259998386260122","0.0000010004209798353259","0.000006323133220575983","0.05317150801420212","0.0000017789996036299272","0.94562828540802","0.000004713162979896879","0.0002804054820444435","0.00009325839346274734","0.000386659026844427"
"media/images/3b134684330cc1474b1e.png","8","8","0.0005111976061016321","0.0002742262731771916","0.000048734393203631043","0.0000015810119293746538","0.000027582738766795956","0.0007804797496646643","0.00027320507797412574","0.000005011557732359506","0.9980765581130981","0.0000012548146059998544"
"media/images/83eab39bc90a511dc4e0.png","8","8","0.0000014337892935145646","0.00006391758506651968","0.00004085976252099499","0.038500990718603134","0.0009325913852080703","0.001282251556403935","0.000023541831978945993","0.00009657251212047413","0.9407443404197693","0.01831349916756153"
"media/images/45ad480ef3f95d9b9b8a.png","9","9","3.560157324500324e-7","1.7715532152351443e-8","0.0000011131684232168482","1.1040396685757514e-7","0.0019218435045331717","8.453542221786847e-8","1.567798477708493e-7","0.000011965840712946374","8.74010936513514e-7","0.9980635046958923"
"media/images/727aedcfa49bcb22ac98.png","5","5","0.00006830991333117709","0.000021118725271662697","0.0000029011800961598055","0.0016795539995655417","8.174339996003255e-7","0.9974263310432434","0.0000018722672621152014","0.000012178853467048611","0.0005868405569344759","0.00020009162835776806"
"media/images/5ee66d5bcfad41c4fa76.png","4","4","8.24926758014044e-7","4.6574569978474756e-8","6.417427016458532e-7","0.000002736401256697718","0.9982206225395203","0.000004193044787825784","0.0000010098860911966767","0.000014157506484480109","6.037843718331715e-7","0.0017551382770761847"
"media/images/eb3266f7bf7773821da1.png","4","4","1.5606686076807819e-7","1.115117100880525e-7","0.000003384578576515196","0.0000073516675911378115","0.9997005462646484","2.397450682423141e-9","4.579426615691773e-8","0.00007052355795167387","1.5396409480672446e-7","0.00021766895952168852"
"media/images/aafd3cf4c026ec4a30c1.png","3","3","0.000034353572118561715","0.00016406812937930226","0.00003536624353728257","0.9946302175521851","0.0000202600840566447","0.003510916605591774","0.0000036828087104368024","0.000053796047723153606","0.00020799081539735198","0.001339286332949996"
"media/images/eb6a5fb835084d3545a2.png","2","2","0.00031372677767649293","0.00031777596450410783","0.9887446165084839","0.009538908489048481","0.000017540980479680002","0.0007825727807357907","0.000018019223716692068","0.00007719025597907603","0.000035810735425911844","0.00015383781283162534"
"media/images/ec2e9d2a90d2cb3afb54.png","4","4","0.000009282123755838256","1.539819010076826e-7","0.00007573149923700839","7.170322646743443e-8","0.9960588216781616","0.000007415726486215135","0.00009834304364630952","0.000047212608478730544","0.0000029318316592252813","0.0037000991869717836"
"media/images/be873998457bda7c34a5.png","9","9","0.00001593662818777375","0.000002151799662897247","0.000012209320630063303","0.0032682253513485193","0.00041032463195733726","0.00003296485374448821","3.4154967920585477e-7","0.002162174554541707","0.000487889425130561","0.993607759475708"
"media/images/867aaf58fa5bacfd8e10.png","8","8","0.000009537598998576868","2.8231551141288946e-7","0.0004007256939075887","0.004716113209724426","0.0000320725011988543","0.001167711103335023","0.000004556749900075374","0.0003467397764325142","0.9930847883224487","0.0002374630857957527"
"media/images/8ebb0022d0532621856a.png","7","7","5.817432793264743e-7","1.3858630154572893e-7","4.29937614399023e-7","0.000015321757018682547","5.8668824465257785e-8","0.0000014792029787713545","6.282332876139662e-9","0.9998114705085754","0.0000028219492378411815","0.00016756866534706205"
"media/images/a0f14a2ec3341acfe85e.png","1","1","7.548734970441728e-8","0.9987674951553345","0.000007637637281732168","0.0004010946722701192","0.00012460481957532465","0.0000034755869364744285","0.000010954787285299972","0.00003116525840596296","0.0005423749680630863","0.00011104746954515576"
"media/images/16ee57d0a6dcc39b9f33.png","8","8","0.000013429983482637908","0.00003297519651823677","0.00003341809497214854","0.0000017771258171705995","0.0005438647931441665","0.00014018247020430863","0.00008570375939598307","0.00016056050662882626","0.9848219752311707","0.014166106469929218"
"media/images/c0f66d7262e4d0f4424c.png","5","5","0.0000039665405893174466","0.0000034356496598775266","0.000003916726200259291","0.00010504865349503234","1.850936826031102e-8","0.999679684638977","8.254938279605994e-7","0.000002944454081443837","0.0001994863268919289","7.698257036281575e-7"
"media/images/7b2ff33398dbb72ea05c.png","0","0","0.9999704360961914","3.1588147209049566e-8","0.000002874764959415188","6.856152481304889e-7","1.5792648966339584e-8","0.0000028550550723593915","3.272885749083798e-7","1.6043895811890252e-7","0.000008792234439169988","0.000013778358152194414"
"media/images/f673c4d257d23cd0f7f5.png","8","8","0.15579754114151","0.06867309659719467","0.005615785252302885","0.15777941048145294","0.0009359922260046005","0.06190364807844162","0.0015219331253319979","0.0009126295917667449","0.5435339212417603","0.0033259543124586344"
"media/images/5efa1629c46911f12fd1.png","3","3","0.000001060049498846638","0.000006929003120603738","0.00004172308763372712","0.9998297691345215","2.654466584317561e-7","0.0000700263844919391","5.189244145498151e-9","7.611806296381474e-8","0.000023249340301845223","0.000026820327548193745"
"media/images/4f9bd61ef083515db1fa.png","2","2","1.578122699186224e-8","2.391959412761935e-7","0.9997408986091614","0.0002586254558991641","7.499799670185325e-10","9.780281473581454e-9","3.0879224510727e-8","4.80749706710526e-9","1.251581238648214e-7","6.092277970992654e-8"
"media/images/8f6827acbab276fab5d9.png","3","3","0.00008020444511203095","0.000004456084752746392","0.00011770000855904073","0.9980863332748413","0.000003372581431904109","0.0014371263096109033","1.5549778709100792e-7","0.000004659820660890546","0.0002115230745403096","0.00005446523573482409"
"media/images/932c0d30b5aa84373316.png","0","0","0.9970661997795105","0.000004211827672406798","0.0007170815952122211","0.00003242462480557151","0.000009400551789440215","0.0008101155399344862","0.0001589344465173781","0.00031318937544710934","0.0008868918521329761","0.0000015939315289870137"
"media/images/0acd92f5c81567de1b0f.png","8","8","3.051989949653944e-7","3.106725614543393e-7","0.00011879859812324867","0.000015979963791323826","0.000013442164345178753","0.0001590254541952163","0.0000018875716705224477","6.094538917977843e-8","0.9996885061264038","0.0000016191622762562474"
"media/images/9d9bc5f0e65b819065b8.png","4","4","3.0288941132994296e-8","8.463393319502188e-10","1.3446798163840867e-7","3.3910492192035235e-8","0.9998643398284912","1.1189071358330693e-7","1.0328638211376528e-7","5.572881178750322e-8","0.0000011970232662861235","0.00013403913180809468"
"media/images/b3aeb295a499768d1b83.png","5","5","0.00004978211654815823","0.000003077512928939541","0.0001710513752186671","0.00033311283914372325","0.00006319625390460715","0.9850150942802429","0.00013210467295721173","0.000006394115644070553","0.013971776701509953","0.0002544466406106949"
"media/images/bf57489ec3541e9a8b39.png","1","1","0.00006174448935780674","0.9567206501960754","0.0008432017639279366","0.0028357738628983498","0.008081959560513496","0.0016513450536876917","0.003967770375311375","0.006933749653398991","0.016862915828824043","0.002040874445810914"
"media/images/f169dbe8aaae249fe25b.png","2","2","8.221373377637065e-7","4.8002089414467264e-8","0.9998959302902222","0.00010219972318736836","9.197022698970159e-9","8.651659832992209e-9","0.0000010052903007817804","5.32557322685534e-8","2.7219099862918483e-8","1.0356254742660553e-9"
"media/images/e0445fa3f9c799fbfffa.png","6","6","0.0004542287206277251","0.0023937791120260954","0.0016007295344024897","0.00021594543068204075","0.001203343621455133","0.00733551662415266","0.9727911949157715","0.000007159041615523165","0.013621801510453224","0.00037630065344274044"
"media/images/ddf678d3e04f9ec13da5.png","9","9","6.645436911867364e-8","0.000014147623915050644","1.3236439144748147e-7","0.00030895526288077235","0.001155934063717723","0.000004249949597578961","2.295722651979304e-7","0.000548696902114898","0.000007973278115969151","0.9979596138000488"
"media/images/2c3bdb1ba911dfa9da13.png","1","7","0.0006167679675854743","0.5993278622627258","0.07281771302223206","0.08056146651506424","0.0008803278324194252","0.004935192875564098","0.00004034455196233466","0.23715023696422577","0.0006462187157012522","0.0030239622574299574"
"media/images/b8a7cb87b852729f8887.png","3","3","0.00002161460361094214","0.000003979150733357528","0.0012746757129207253","0.9951047897338867","0.000057318273320561275","0.0021195472218096256","0.0000016121903172461316","0.0012244677636772394","0.00014971522614359856","0.00004233160871081054"
"media/images/bebfcae8e01f6022909f.png","9","4","0.000006442317953769816","0.00002628223955980502","0.0000037110601169842994","0.0002140089636668563","0.444884330034256","0.00010386423673480749","0.000031952691642800346","0.03712135925889015","0.00018433373770676553","0.517423689365387"
"media/images/7dbd6d55f26c8d3487f7.png","4","4","7.235702526031673e-8","2.581973888027278e-7","5.567960101870995e-7","0.000004284685928723775","0.9969651103019714","0.0000552683777641505","0.00000778037792770192","0.0000018430806676406064","0.00001986535244213883","0.002944971900433302"